{"mean":{"confidence_interval":{"confidence_level":0.95,"lower_bound":80067.67783105737,"upper_bound":82074.45667968613},"point_estimate":81005.166447949,"standard_error":514.9258238589625},"median":{"confidence_interval":{"confidence_level":0.95,"lower_bound":79090.98901098901,"upper_bound":80167.08407871198},"point_estimate":79559.69618616678,"standard_error":241.36487504328892},"median_abs_dev":{"confidence_interval":{"confidence_level":0.95,"lower_bound":1376.4887402508944,"upper_bound":2711.193390747693},"point_estimate":1719.9218577778408,"standard_error":352.35419116671096},"slope":{"confidence_interval":{"confidence_level":0.95,"lower_bound":79659.39377884244,"upper_bound":80964.33505002673},"point_estimate":80270.62193222766,"standard_error":333.80370901269396},"std_dev":{"confidence_interval":{"confidence_level":0.95,"lower_bound":3508.7621090818257,"upper_bound":6582.659260229091},"point_estimate":5195.8322129858525,"standard_error":783.1590533734209}}